[
  {
    "originTiploc": "DONCIGB",
    "toc_Name": "GB Railfreight",
    "sector_Code": 54,
    "activationId": 17831877,
    "scheduleId": 13660876,
    "headCode": "0D04",
    "trainId": "230D04CS12",
    "trainUid": "H36526",
    "trainServiceCode": "55460180",
    "activatedDeparture": "2023-02-12T16:20:00",
    "originLocation": "DONCASTER IPORT GBRF",
    "scheduledDeparture": "2023-02-12T16:20:00",
    "scheduledArrival": "2023-02-12T18:40:00",
    "lastReportedDelay": 0,
    "lastReportedLocation": "DONCASTER IPORT GBRF",
    "lastReportedType": "CANCELLED",
    "cancelled": true,
    "cancelledAtOrigin": true,
    "cancelledImmediatly": false,
    "cancelledEnRoute": false,
    "cancelledOutOfPlan": false,
    "cancelledTimestamp": "2023-02-12T17:07:00",
    "scheduleCancelled": false,
    "scheduleJustForToday": false,
    "hasSchedule": true,
    "shouldHaveDepartedException": true,
    "offRoute": false
  },
  {
    "originTiploc": "WLSDEUT",
    "destinationTiploc": "RUGBJAR",
    "toc_Name": "Freightliner",
    "sector_Code": 9,
    "activationId": 17832597,
    "scheduleId": 15292086,
    "headCode": "6R99",
    "trainId": "726R99C113",
    "trainUid": "H03509",
    "trainServiceCode": "57620570",
    "activatedDeparture": "2023-02-13T01:51:00",
    "originLocation": "WILLESDEN EUROTERMINAL",
    "scheduledDeparture": "2023-02-13T01:51:00",
    "scheduledArrival": "2023-02-13T04:08:00",
    "destinationLocation": "NEW BILTON (JARVIS)",
    "lastReportedDelay": 0,
    "lastReportedLocation": "WILLESDEN EUROTERMINAL",
    "lastReportedType": "CANCELLED",
    "cancelled": true,
    "cancelledAtOrigin": true,
    "cancelledImmediatly": false,
    "cancelledEnRoute": false,
    "cancelledOutOfPlan": false,
    "cancelledTimestamp": "2023-02-13T02:12:00",
    "scheduleCancelled": false,
    "scheduleJustForToday": false,
    "hasSchedule": true,
    "shouldHaveDepartedException": true,
    "offRoute": false
  },
  {
    "originTiploc": "THMSLGB",
    "destinationTiploc": "KNGSBCG",
    "toc_Name": "GB Railfreight",
    "sector_Code": 54,
    "activationId": 17832329,
    "scheduleId": 13669579,
    "headCode": "4M68",
    "trainId": "514M68C413",
    "trainUid": "H37022",
    "trainServiceCode": "55460180",
    "activatedDeparture": "2023-02-13T04:26:00",
    "actualDeparture": "2023-02-13T04:20:00",
    "actualArrival": "2023-02-13T10:36:00",
    "originLocation": "LONDON GATEWAY GBRF",
    "scheduledDeparture": "2023-02-13T04:26:00",
    "scheduledArrival": "2023-02-13T10:30:00",
    "destinationLocation": "BIRCH COPPICE GBRF",
    "lastReported": "2023-02-13T10:36:00",
    "lastReportedDelay": 6,
    "lastReportedLocation": "BIRCH COPPICE GBRF",
    "lastReportedType": "TERMINATED",
    "cancelled": false,
    "cancelledAtOrigin": false,
    "cancelledImmediatly": false,
    "cancelledEnRoute": false,
    "cancelledOutOfPlan": false,
    "scheduleCancelled": false,
    "scheduleJustForToday": false,
    "hasSchedule": true,
    "shouldHaveDepartedException": false,
    "offRoute": false
  },
  {
    "originTiploc": "THMSLGB",
    "destinationTiploc": "DONCIGB",
    "toc_Name": "GB Railfreight",
    "sector_Code": 54,
    "activationId": 17832853,
    "scheduleId": 13668522,
    "headCode": "4E00",
    "trainId": "514E00C413",
    "trainUid": "H07429",
    "trainServiceCode": "55460180",
    "activatedDeparture": "2023-02-13T04:41:00",
    "originLocation": "LONDON GATEWAY GBRF",
    "scheduledDeparture": "2023-02-13T04:41:00",
    "scheduledArrival": "2023-02-13T11:53:00",
    "destinationLocation": "DONCASTER IPORT GBRF",
    "lastReportedDelay": 0,
    "lastReportedLocation": "LONDON GATEWAY GBRF",
    "lastReportedType": "CANCELLED",
    "cancelled": true,
    "cancelledAtOrigin": true,
    "cancelledImmediatly": false,
    "cancelledEnRoute": false,
    "cancelledOutOfPlan": false,
    "cancelledTimestamp": "2023-02-13T06:38:00",
    "scheduleCancelled": false,
    "scheduleJustForToday": false,
    "hasSchedule": true,
    "shouldHaveDepartedException": true,
    "offRoute": false
  },
  {
    "originTiploc": "PRKSGBR",
    "destinationTiploc": "DONCIGB",
    "toc_Name": "GB Railfreight",
    "sector_Code": 54,
    "activationId": 17832898,
    "scheduleId": 14143237,
    "headCode": "4E14",
    "trainId": "494E14C513",
    "trainUid": "H08896",
    "trainServiceCode": "55460180",
    "activatedDeparture": "2023-02-13T05:03:00",
    "originLocation": "PARKESTON SS GBRF",
    "scheduledDeparture": "2023-02-13T05:03:00",
    "scheduledArrival": "2023-02-13T10:53:00",
    "destinationLocation": "DONCASTER IPORT GBRF",
    "lastReportedDelay": 0,
    "lastReportedLocation": "PARKESTON SS GBRF",
    "lastReportedType": "CANCELLED",
    "cancelled": true,
    "cancelledAtOrigin": true,
    "cancelledImmediatly": false,
    "cancelledEnRoute": false,
    "cancelledOutOfPlan": false,
    "cancelledTimestamp": "2023-02-13T07:50:00",
    "scheduleCancelled": false,
    "scheduleJustForToday": false,
    "hasSchedule": true,
    "shouldHaveDepartedException": true,
    "offRoute": false
  },
  {
    "originTiploc": "PBROGBF",
    "destinationTiploc": "FLXSNGB",
    "toc_Name": "GB Railfreight",
    "sector_Code": 54,
    "activationId": 17832373,
    "scheduleId": 14145472,
    "headCode": "0L23",
    "trainId": "450L23C513",
    "trainUid": "H01110",
    "trainServiceCode": "55460180",
    "activatedDeparture": "2023-02-13T05:05:00",
    "originLocation": "PETERBORO MAINT SHED GBRF",
    "scheduledDeparture": "2023-02-13T05:05:00",
    "scheduledArrival": "2023-02-13T08:44:00",
    "destinationLocation": "FELIXSTOWE NORTH GBRF",
    "lastReportedDelay": 0,
    "lastReportedLocation": "PETERBORO MAINT SHED GBRF",
    "lastReportedType": "CANCELLED",
    "cancelled": true,
    "cancelledAtOrigin": true,
    "cancelledImmediatly": false,
    "cancelledEnRoute": false,
    "cancelledOutOfPlan": false,
    "cancelledTimestamp": "2023-02-13T07:50:00",
    "scheduleCancelled": false,
    "scheduleJustForToday": false,
    "hasSchedule": true,
    "shouldHaveDepartedException": true,
    "offRoute": false
  },
  {
    "originTiploc": "TINSGBR",
    "destinationTiploc": "FLXSNGB",
    "toc_Name": "GB Railfreight",
    "sector_Code": 54,
    "activationId": 17832922,
    "scheduleId": 13682957,
    "headCode": "4L03",
    "trainId": "254L03C513",
    "trainUid": "H36856",
    "trainServiceCode": "55460180",
    "activatedDeparture": "2023-02-13T05:17:00",
    "originLocation": "TINSLEY YARD GBRF",
    "scheduledDeparture": "2023-02-13T05:17:00",
    "scheduledArrival": "2023-02-13T12:26:00",
    "destinationLocation": "FELIXSTOWE NORTH GBRF",
    "lastReportedDelay": 0,
    "lastReportedLocation": "TINSLEY YARD GBRF",
    "lastReportedType": "CANCELLED",
    "cancelled": true,
    "cancelledAtOrigin": true,
    "cancelledImmediatly": false,
    "cancelledEnRoute": false,
    "cancelledOutOfPlan": false,
    "cancelledTimestamp": "2023-02-13T09:18:00",
    "scheduleCancelled": false,
    "scheduleJustForToday": false,
    "hasSchedule": true,
    "shouldHaveDepartedException": true,
    "offRoute": false
  },
  {
    "originTiploc": "SOTDWGB",
    "destinationTiploc": "DONCIGB",
    "toc_Name": "GB Railfreight",
    "sector_Code": 54,
    "activationId": 17832938,
    "scheduleId": 15291996,
    "headCode": "4E34",
    "trainId": "864E34C513",
    "trainUid": "H07455",
    "trainServiceCode": "55460180",
    "activatedDeparture": "2023-02-13T05:27:00",
    "originLocation": "SOUTHAMPTON W DOCKS (GBRF)",
    "scheduledDeparture": "2023-02-13T05:27:00",
    "scheduledArrival": "2023-02-13T15:10:00",
    "destinationLocation": "DONCASTER IPORT GBRF",
    "lastReportedDelay": 0,
    "lastReportedLocation": "SOUTHAMPTON W DOCKS (GBRF)",
    "lastReportedType": "CANCELLED",
    "cancelled": true,
    "cancelledAtOrigin": true,
    "cancelledImmediatly": false,
    "cancelledEnRoute": false,
    "cancelledOutOfPlan": false,
    "cancelledTimestamp": "2023-02-13T07:06:00",
    "scheduleCancelled": false,
    "scheduleJustForToday": true,
    "hasSchedule": true,
    "shouldHaveDepartedException": true,
    "offRoute": false
  },
  {
    "originTiploc": "CREWEMD",
    "destinationTiploc": "TRFDEUT",
    "toc_Name": "DB Cargo Freight",
    "sector_Code": 5,
    "activationId": 17833260,
    "scheduleId": 13670151,
    "headCode": "0H72",
    "trainId": "420H72C513",
    "trainUid": "H38289",
    "trainServiceCode": "52407529",
    "activatedDeparture": "2023-02-13T05:27:00",
    "actualDeparture": "2023-02-13T05:37:00",
    "actualArrival": "2023-02-13T06:48:00",
    "originLocation": "CREWE T.M.D. (E)",
    "scheduledDeparture": "2023-02-13T05:27:00",
    "scheduledArrival": "2023-02-13T06:48:00",
    "destinationLocation": "TRAFFORD PARK EURO TERM",
    "lastReported": "2023-02-13T06:48:00",
    "lastReportedDelay": 0,
    "lastReportedLocation": "TRAFFORD PARK EURO TERM",
    "lastReportedType": "TERMINATED",
    "cancelled": false,
    "cancelledAtOrigin": false,
    "cancelledImmediatly": false,
    "cancelledEnRoute": false,
    "cancelledOutOfPlan": false,
    "scheduleCancelled": false,
    "scheduleJustForToday": false,
    "hasSchedule": true,
    "shouldHaveDepartedException": false,
    "offRoute": false
  },
  {
    "originTiploc": "SHILDMT",
    "destinationTiploc": "WLSDRMT",
    "toc_Name": "DB Cargo Freight",
    "sector_Code": 5,
    "activationId": 17833152,
    "scheduleId": 13662647,
    "headCode": "1M41",
    "trainId": "071M41M513",
    "trainUid": "C45522",
    "trainServiceCode": "56030020",
    "activatedDeparture": "2023-02-13T05:34:00",
    "originLocation": "SHIELDMUIR MAIL TERMINAL",
    "scheduledDeparture": "2023-02-13T05:34:00",
    "scheduledArrival": "2023-02-13T13:03:00",
    "destinationLocation": "WILLESDEN PRDC",
    "lastReportedDelay": 0,
    "lastReportedLocation": "SHIELDMUIR MAIL TERMINAL",
    "lastReportedType": "CANCELLED",
    "cancelled": true,
    "cancelledAtOrigin": true,
    "cancelledImmediatly": false,
    "cancelledEnRoute": false,
    "cancelledOutOfPlan": false,
    "cancelledTimestamp": "2023-02-13T06:30:00",
    "scheduleCancelled": false,
    "scheduleJustForToday": false,
    "hasSchedule": true,
    "shouldHaveDepartedException": true,
    "offRoute": false
  },
  {
    "originTiploc": "EMGTGB",
    "destinationTiploc": "THMSLGB",
    "toc_Name": "GB Railfreight",
    "sector_Code": 54,
    "activationId": 17832966,
    "scheduleId": 15184694,
    "headCode": "4L24",
    "trainId": "564L24C513",
    "trainUid": "H02863",
    "trainServiceCode": "55460180",
    "activatedDeparture": "2023-02-13T05:36:00",
    "originLocation": "EAST MIDS GATEWAY TML GBRF",
    "scheduledDeparture": "2023-02-13T05:36:00",
    "scheduledArrival": "2023-02-13T11:59:00",
    "destinationLocation": "LONDON GATEWAY GBRF",
    "lastReportedDelay": 0,
    "lastReportedLocation": "EAST MIDS GATEWAY TML GBRF",
    "lastReportedType": "CANCELLED",
    "cancelled": true,
    "cancelledAtOrigin": true,
    "cancelledImmediatly": false,
    "cancelledEnRoute": false,
    "cancelledOutOfPlan": false,
    "cancelledTimestamp": "2023-02-13T08:35:00",
    "scheduleCancelled": false,
    "scheduleJustForToday": false,
    "hasSchedule": true,
    "shouldHaveDepartedException": true,
    "offRoute": false
  },
  {
    "originTiploc": "MBROGBR",
    "destinationTiploc": "THMSLGB",
    "toc_Name": "GB Railfreight",
    "sector_Code": 54,
    "activationId": 17832465,
    "scheduleId": 14950458,
    "headCode": "4L98",
    "trainId": "254L98C613",
    "trainUid": "H36943",
    "trainServiceCode": "55460180",
    "activatedDeparture": "2023-02-13T06:08:00",
    "actualDeparture": "2023-02-13T07:28:00",
    "actualArrival": "2023-02-13T11:36:00",
    "originLocation": "MASBOROUGH N&W GBRF",
    "scheduledDeparture": "2023-02-13T06:08:00",
    "scheduledArrival": "2023-02-13T14:29:00",
    "destinationLocation": "LONDON GATEWAY GBRF",
    "lastReported": "2023-02-13T11:36:00",
    "lastReportedDelay": 39,
    "lastReportedLocation": "HUNTINGDON",
    "lastReportedType": "ARRIVAL",
    "cancelled": false,
    "cancelledAtOrigin": false,
    "cancelledImmediatly": false,
    "cancelledEnRoute": false,
    "cancelledOutOfPlan": false,
    "scheduleCancelled": false,
    "scheduleJustForToday": true,
    "hasSchedule": true,
    "shouldHaveDepartedException": false,
    "offRoute": false
  },
  {
    "originTiploc": "MOSEDNY",
    "destinationTiploc": "CARLILE",
    "toc_Name": "DB Cargo Freight",
    "sector_Code": 5,
    "activationId": 17833324,
    "scheduleId": 15554465,
    "headCode": "6Z66",
    "trainId": "076Z662C13",
    "trainUid": " 33361",
    "trainServiceCode": "50520220",
    "activatedDeparture": "2023-02-13T08:00:00",
    "actualDeparture": "2023-02-13T07:50:00",
    "actualArrival": "2023-02-13T11:22:00",
    "originLocation": "MOSSEND DOWN YARD",
    "scheduledDeparture": "2023-02-13T08:00:00",
    "scheduledArrival": "2023-02-13T11:58:00",
    "destinationLocation": "CARLISLE",
    "lastReported": "2023-02-13T11:22:00",
    "lastReportedDelay": 5,
    "lastReportedLocation": "DUMFRIES",
    "lastReportedType": "DEPARTURE",
    "cancelled": false,
    "cancelledAtOrigin": false,
    "cancelledImmediatly": false,
    "cancelledEnRoute": false,
    "cancelledOutOfPlan": false,
    "scheduleCancelled": false,
    "scheduleJustForToday": true,
    "hasSchedule": true,
    "shouldHaveDepartedException": false,
    "offRoute": false
  },
  {
    "originTiploc": "DONCHGB",
    "destinationTiploc": "DONCIGB",
    "toc_Name": "GB Railfreight",
    "sector_Code": 54,
    "activationId": 17833154,
    "scheduleId": 13668519,
    "headCode": "4D14",
    "trainId": "244D14CD13",
    "trainUid": "H07424",
    "trainServiceCode": "55460180",
    "activatedDeparture": "2023-02-13T08:52:00",
    "actualDeparture": "2023-02-13T08:37:00",
    "actualArrival": "2023-02-13T08:49:00",
    "originLocation": "HEXTHORPE YARD (GBRF)",
    "scheduledDeparture": "2023-02-13T08:52:00",
    "scheduledArrival": "2023-02-13T09:04:00",
    "destinationLocation": "DONCASTER IPORT GBRF",
    "lastReported": "2023-02-13T08:49:00",
    "lastReportedDelay": -15,
    "lastReportedLocation": "DONCASTER IPORT GBRF",
    "lastReportedType": "TERMINATED",
    "cancelled": false,
    "cancelledAtOrigin": false,
    "cancelledImmediatly": false,
    "cancelledEnRoute": false,
    "cancelledOutOfPlan": false,
    "scheduleCancelled": false,
    "scheduleJustForToday": false,
    "hasSchedule": true,
    "shouldHaveDepartedException": false,
    "offRoute": false
  },
  {
    "originTiploc": "GRNGEWS",
    "destinationTiploc": "MOSEUPY",
    "toc_Name": "DB Cargo Freight",
    "sector_Code": 5,
    "activationId": 17833926,
    "scheduleId": 13668401,
    "headCode": "0D51",
    "trainId": "050D51CF13",
    "trainUid": "H04752",
    "trainServiceCode": "52407546",
    "activatedDeparture": "2023-02-13T09:35:00",
    "originLocation": "GRANGEMOUTH TDG (EWS)",
    "scheduledDeparture": "2023-02-13T09:46:00",
    "scheduledArrival": "2023-02-13T11:01:00",
    "destinationLocation": "MOSSEND UP YARD",
    "lastReportedDelay": 0,
    "lastReportedLocation": "GRANGEMOUTH TDG (EWS)",
    "lastReportedType": "CANCELLED",
    "cancelled": true,
    "cancelledAtOrigin": true,
    "cancelledImmediatly": false,
    "cancelledEnRoute": false,
    "cancelledOutOfPlan": false,
    "cancelledTimestamp": "2023-02-13T09:42:00",
    "scheduleCancelled": false,
    "scheduleJustForToday": false,
    "hasSchedule": true,
    "shouldHaveDepartedException": false,
    "offRoute": false
  },
  {
    "originTiploc": "FLXSNGB",
    "destinationTiploc": "KNGSBCG",
    "toc_Name": "GB Railfreight",
    "sector_Code": 54,
    "activationId": 17833414,
    "scheduleId": 13668459,
    "headCode": "4M29",
    "trainId": "494M29CG13",
    "trainUid": "H06551",
    "trainServiceCode": "55460180",
    "activatedDeparture": "2023-02-13T10:28:00",
    "actualDeparture": "2023-02-13T10:37:00",
    "actualArrival": "2023-02-13T11:32:00",
    "originLocation": "FELIXSTOWE NORTH GBRF",
    "scheduledDeparture": "2023-02-13T10:28:00",
    "scheduledArrival": "2023-02-13T17:09:00",
    "destinationLocation": "BIRCH COPPICE GBRF",
    "lastReported": "2023-02-13T11:32:00",
    "lastReportedDelay": 3,
    "lastReportedLocation": "HAUGHLEY JN",
    "lastReportedType": "DEPARTURE",
    "cancelled": false,
    "cancelledAtOrigin": false,
    "cancelledImmediatly": false,
    "cancelledEnRoute": false,
    "cancelledOutOfPlan": false,
    "scheduleCancelled": false,
    "scheduleJustForToday": false,
    "hasSchedule": true,
    "shouldHaveDepartedException": false,
    "offRoute": false
  },
  {
    "originTiploc": "FLXSNGB",
    "destinationTiploc": "HMSHBRF",
    "toc_Name": "GB Railfreight",
    "sector_Code": 54,
    "activationId": 17833164,
    "scheduleId": 13669570,
    "headCode": "4M33",
    "trainId": "494M33CH13",
    "trainUid": "H36997",
    "trainServiceCode": "55460180",
    "activatedDeparture": "2023-02-13T10:46:00",
    "actualDeparture": "2023-02-13T10:53:00",
    "actualArrival": "2023-02-13T11:30:00",
    "originLocation": "FELIXSTOWE NORTH GBRF",
    "scheduledDeparture": "2023-02-13T10:46:00",
    "scheduledArrival": "2023-02-13T16:16:00",
    "destinationLocation": "HAMS HALL GBRF",
    "lastReported": "2023-02-13T11:30:00",
    "lastReportedDelay": 2,
    "lastReportedLocation": "IPSWICH SIGNAL CO351",
    "lastReportedType": "ARRIVAL",
    "cancelled": false,
    "cancelledAtOrigin": true,
    "cancelledImmediatly": false,
    "cancelledEnRoute": false,
    "cancelledOutOfPlan": false,
    "cancelledTimestamp": "2023-02-13T04:37:00",
    "scheduleCancelled": false,
    "scheduleJustForToday": false,
    "hasSchedule": true,
    "shouldHaveDepartedException": false,
    "offRoute": false
  },
  {
    "originTiploc": "PRKSGBR",
    "destinationTiploc": "FLXSNGB",
    "toc_Name": "GB Railfreight",
    "sector_Code": 54,
    "activationId": 17832900,
    "scheduleId": 15184696,
    "headCode": "4Y66",
    "trainId": "494Y66CI13",
    "trainUid": "H02861",
    "trainServiceCode": "55460180",
    "activatedDeparture": "2023-02-13T11:02:00",
    "actualArrival": "2023-02-13T11:36:00",
    "originLocation": "PARKESTON SS GBRF",
    "scheduledDeparture": "2023-02-13T11:02:00",
    "scheduledArrival": "2023-02-13T12:16:00",
    "destinationLocation": "FELIXSTOWE NORTH GBRF",
    "lastReported": "2023-02-13T11:36:00",
    "lastReportedDelay": 0,
    "lastReportedLocation": "IPSWICH",
    "lastReportedType": "ARRIVAL",
    "cancelled": false,
    "cancelledAtOrigin": false,
    "cancelledImmediatly": false,
    "cancelledEnRoute": false,
    "cancelledOutOfPlan": false,
    "scheduleCancelled": false,
    "scheduleJustForToday": false,
    "hasSchedule": true,
    "shouldHaveDepartedException": false,
    "offRoute": false
  },
  {
    "originTiploc": "HMSHBRF",
    "destinationTiploc": "FLXSNGB",
    "toc_Name": "GB Railfreight",
    "sector_Code": 54,
    "activationId": 17833418,
    "scheduleId": 13669529,
    "headCode": "4L13",
    "trainId": "664L13CI13",
    "trainUid": "H36868",
    "trainServiceCode": "55460180",
    "activatedDeparture": "2023-02-13T11:11:00",
    "actualDeparture": "2023-02-13T11:08:00",
    "actualArrival": "2023-02-13T11:35:00",
    "originLocation": "HAMS HALL GBRF",
    "scheduledDeparture": "2023-02-13T11:11:00",
    "scheduledArrival": "2023-02-13T18:04:00",
    "destinationLocation": "FELIXSTOWE NORTH GBRF",
    "lastReported": "2023-02-13T11:35:00",
    "lastReportedDelay": 0,
    "lastReportedLocation": "NUNEATON",
    "lastReportedType": "ARRIVAL",
    "cancelled": false,
    "cancelledAtOrigin": false,
    "cancelledImmediatly": false,
    "cancelledEnRoute": false,
    "cancelledOutOfPlan": false,
    "scheduleCancelled": false,
    "scheduleJustForToday": false,
    "hasSchedule": true,
    "shouldHaveDepartedException": false,
    "offRoute": false
  },
  {
    "originTiploc": "CREWEMD",
    "destinationTiploc": "WLSDRMT",
    "toc_Name": "DB Cargo Freight",
    "sector_Code": 5,
    "activationId": 17833044,
    "scheduleId": 13662502,
    "headCode": "5A91",
    "trainId": "425A91MJ13",
    "trainUid": "C29421",
    "trainServiceCode": "56030020",
    "activatedDeparture": "2023-02-13T11:30:00",
    "originLocation": "CREWE T.M.D. (E)",
    "scheduledDeparture": "2023-02-13T11:28:00",
    "scheduledArrival": "2023-02-13T14:29:00",
    "destinationLocation": "WILLESDEN PRDC",
    "lastReportedDelay": 0,
    "lastReportedType": "ACTIVATED",
    "cancelled": false,
    "cancelledAtOrigin": false,
    "cancelledImmediatly": false,
    "cancelledEnRoute": false,
    "cancelledOutOfPlan": false,
    "scheduleCancelled": false,
    "scheduleJustForToday": false,
    "hasSchedule": true,
    "shouldHaveDepartedException": true,
    "offRoute": false
  },
  {
    "originTiploc": "MBROGBR",
    "destinationTiploc": "FLXSNGB",
    "toc_Name": "GB Railfreight",
    "sector_Code": 54,
    "activationId": 17833422,
    "scheduleId": 13669527,
    "headCode": "4L11",
    "trainId": "254L11CJ13",
    "trainUid": "H36862",
    "trainServiceCode": "55460180",
    "activatedDeparture": "2023-02-13T11:38:00",
    "originLocation": "MASBOROUGH N&W GBRF",
    "scheduledDeparture": "2023-02-13T11:38:00",
    "scheduledArrival": "2023-02-13T19:15:00",
    "destinationLocation": "FELIXSTOWE NORTH GBRF",
    "lastReportedDelay": 0,
    "lastReportedType": "ACTIVATED",
    "cancelled": false,
    "cancelledAtOrigin": false,
    "cancelledImmediatly": false,
    "cancelledEnRoute": false,
    "cancelledOutOfPlan": false,
    "scheduleCancelled": false,
    "scheduleJustForToday": false,
    "hasSchedule": true,
    "shouldHaveDepartedException": false,
    "offRoute": false
  },
  {
    "originTiploc": "THMSLGB",
    "destinationTiploc": "HMSHBRF",
    "toc_Name": "GB Railfreight",
    "sector_Code": 54,
    "activationId": 17833426,
    "scheduleId": 13668538,
    "headCode": "4M47",
    "trainId": "514M47CK13",
    "trainUid": "H07464",
    "trainServiceCode": "55460180",
    "activatedDeparture": "2023-02-13T12:18:00",
    "originLocation": "LONDON GATEWAY GBRF",
    "scheduledDeparture": "2023-02-13T12:18:00",
    "scheduledArrival": "2023-02-13T16:58:00",
    "destinationLocation": "HAMS HALL GBRF",
    "lastReportedDelay": 0,
    "lastReportedType": "ACTIVATED",
    "cancelled": false,
    "cancelledAtOrigin": false,
    "cancelledImmediatly": false,
    "cancelledEnRoute": false,
    "cancelledOutOfPlan": false,
    "scheduleCancelled": false,
    "scheduleJustForToday": false,
    "hasSchedule": true,
    "shouldHaveDepartedException": false,
    "offRoute": false
  },
  {
    "originTiploc": "STAFFRD",
    "destinationTiploc": "CREWEMD",
    "toc_Name": "DB Cargo Freight",
    "sector_Code": 5,
    "activationId": 17834032,
    "scheduleId": 13662508,
    "headCode": "5K21",
    "trainId": "435K21ML13",
    "trainUid": "C29442",
    "trainServiceCode": "56030020",
    "activatedDeparture": "2023-02-13T12:38:00",
    "originLocation": "STAFFORD",
    "scheduledDeparture": "2023-02-13T12:51:00",
    "scheduledArrival": "2023-02-13T13:23:00",
    "destinationLocation": "CREWE T.M.D. (E)",
    "lastReportedDelay": 0,
    "lastReportedType": "ACTIVATED",
    "cancelled": false,
    "cancelledAtOrigin": false,
    "cancelledImmediatly": false,
    "cancelledEnRoute": false,
    "cancelledOutOfPlan": false,
    "scheduleCancelled": false,
    "scheduleJustForToday": false,
    "hasSchedule": true,
    "shouldHaveDepartedException": false,
    "offRoute": false
  },
  {
    "originTiploc": "MLRHY",
    "destinationTiploc": "DONCIGB",
    "toc_Name": "GB Railfreight",
    "sector_Code": 54,
    "activationId": 17834121,
    "scheduleId": 15574706,
    "headCode": "4E04",
    "trainId": "044E041M13",
    "trainUid": "R08946",
    "trainServiceCode": "55460180",
    "activatedDeparture": "2023-02-13T13:29:00",
    "originLocation": "MILLERHILL S.S.",
    "scheduledDeparture": "2023-02-13T13:29:00",
    "scheduledArrival": "2023-02-13T19:46:00",
    "destinationLocation": "DONCASTER IPORT GBRF",
    "lastReportedDelay": 0,
    "lastReportedType": "ACTIVATED",
    "cancelled": false,
    "cancelledAtOrigin": false,
    "cancelledImmediatly": false,
    "cancelledEnRoute": false,
    "cancelledOutOfPlan": false,
    "scheduleCancelled": false,
    "scheduleJustForToday": true,
    "hasSchedule": true,
    "shouldHaveDepartedException": false,
    "offRoute": false
  },
  {
    "originTiploc": "KNGSBCG",
    "destinationTiploc": "THMSLGB",
    "toc_Name": "GB Railfreight",
    "sector_Code": 54,
    "activationId": 17833436,
    "scheduleId": 13669552,
    "headCode": "4L68",
    "trainId": "664L68CN13",
    "trainUid": "H36937",
    "trainServiceCode": "55460180",
    "activatedDeparture": "2023-02-13T13:53:00",
    "originLocation": "BIRCH COPPICE GBRF",
    "scheduledDeparture": "2023-02-13T13:53:00",
    "scheduledArrival": "2023-02-13T21:24:00",
    "destinationLocation": "LONDON GATEWAY GBRF",
    "lastReportedDelay": 0,
    "lastReportedType": "ACTIVATED",
    "cancelled": false,
    "cancelledAtOrigin": false,
    "cancelledImmediatly": false,
    "cancelledEnRoute": false,
    "cancelledOutOfPlan": false,
    "scheduleCancelled": false,
    "scheduleJustForToday": false,
    "hasSchedule": true,
    "shouldHaveDepartedException": false,
    "offRoute": false
  },
  {
    "originTiploc": "TRFDEUG",
    "destinationTiploc": "FLXSNGB",
    "toc_Name": "GB Railfreight",
    "sector_Code": 54,
    "activationId": 17833440,
    "scheduleId": 13669531,
    "headCode": "4L18",
    "trainId": "334L18CO13",
    "trainUid": "H36872",
    "trainServiceCode": "55460180",
    "activatedDeparture": "2023-02-13T14:20:00",
    "originLocation": "TRAFFORD PK EURO TML GBRF",
    "scheduledDeparture": "2023-02-13T14:20:00",
    "scheduledArrival": "2023-02-13T22:35:00",
    "destinationLocation": "FELIXSTOWE NORTH GBRF",
    "lastReportedDelay": 0,
    "lastReportedType": "ACTIVATED",
    "cancelled": false,
    "cancelledAtOrigin": false,
    "cancelledImmediatly": false,
    "cancelledEnRoute": false,
    "cancelledOutOfPlan": false,
    "scheduleCancelled": false,
    "scheduleJustForToday": false,
    "hasSchedule": true,
    "shouldHaveDepartedException": false,
    "offRoute": false
  },
  {
    "originTiploc": "DONCIGB",
    "destinationTiploc": "FLXSSGB",
    "toc_Name": "GB Railfreight",
    "sector_Code": 54,
    "activationId": 17833556,
    "scheduleId": 13669530,
    "headCode": "4L14",
    "trainId": "234L14CP13",
    "trainUid": "H36870",
    "trainServiceCode": "55460180",
    "activatedDeparture": "2023-02-13T14:55:00",
    "originLocation": "DONCASTER IPORT GBRF",
    "scheduledDeparture": "2023-02-13T14:55:00",
    "scheduledArrival": "2023-02-13T23:25:00",
    "destinationLocation": "FELIXSTOWE SOUTH GBRF",
    "lastReportedDelay": 0,
    "lastReportedType": "ACTIVATED",
    "cancelled": false,
    "cancelledAtOrigin": false,
    "cancelledImmediatly": false,
    "cancelledEnRoute": false,
    "cancelledOutOfPlan": false,
    "scheduleCancelled": false,
    "scheduleJustForToday": false,
    "hasSchedule": true,
    "shouldHaveDepartedException": false,
    "offRoute": false
  },
  {
    "originTiploc": "TINSGBR",
    "destinationTiploc": "FLXSNGB",
    "toc_Name": "GB Railfreight",
    "sector_Code": 54,
    "activationId": 17833740,
    "scheduleId": 13668525,
    "headCode": "4L53",
    "trainId": "254L53CS13",
    "trainUid": "H07437",
    "trainServiceCode": "55460180",
    "activatedDeparture": "2023-02-13T16:17:00",
    "originLocation": "TINSLEY YARD GBRF",
    "scheduledDeparture": "2023-02-13T16:17:00",
    "scheduledArrival": "2023-02-13T23:09:00",
    "destinationLocation": "FELIXSTOWE NORTH GBRF",
    "lastReportedDelay": 0,
    "lastReportedType": "ACTIVATED",
    "cancelled": false,
    "cancelledAtOrigin": false,
    "cancelledImmediatly": false,
    "cancelledEnRoute": false,
    "cancelledOutOfPlan": false,
    "scheduleCancelled": false,
    "scheduleJustForToday": false,
    "hasSchedule": true,
    "shouldHaveDepartedException": false,
    "offRoute": false
  },
  {
    "originTiploc": "FLXSNGB",
    "destinationTiploc": "DONCIGB",
    "toc_Name": "GB Railfreight",
    "sector_Code": 54,
    "activationId": 17833920,
    "scheduleId": 15574702,
    "headCode": "4E03",
    "trainId": "494E031U13",
    "trainUid": "R08950",
    "trainServiceCode": "55460180",
    "activatedDeparture": "2023-02-13T17:29:00",
    "originLocation": "FELIXSTOWE NORTH GBRF",
    "scheduledDeparture": "2023-02-13T17:29:00",
    "scheduledArrival": "2023-02-13T23:31:00",
    "destinationLocation": "DONCASTER IPORT GBRF",
    "lastReportedDelay": 0,
    "lastReportedType": "ACTIVATED",
    "cancelled": false,
    "cancelledAtOrigin": false,
    "cancelledImmediatly": false,
    "cancelledEnRoute": false,
    "cancelledOutOfPlan": false,
    "scheduleCancelled": false,
    "scheduleJustForToday": false,
    "hasSchedule": true,
    "shouldHaveDepartedException": false,
    "offRoute": false
  }
]